Geographic code,Geographic name,Province or territory,Population 2016
A0A,A0A,Newfoundland and Labrador,46587
A0B,A0B,Newfoundland and Labrador,19792
A0C,A0C,Newfoundland and Labrador,12587
A0E,A0E,Newfoundland and Labrador,22294
A0G,A0G,Newfoundland and Labrador,35266
A0H,A0H,Newfoundland and Labrador,17804
A0J,A0J,Newfoundland and Labrador,7880
A0K,A0K,Newfoundland and Labrador,26058
A0L,A0L,Newfoundland and Labrador,7643
A0M,A0M,Newfoundland and Labrador,6200
A0N,A0N,Newfoundland and Labrador,13815
A0P,A0P,Newfoundland and Labrador,13721
A0R,A0R,Newfoundland and Labrador,2543
A1A,A1A,Newfoundland and Labrador,30382
A1B,A1B,Newfoundland and Labrador,19867
A1C,A1C,Newfoundland and Labrador,12712
A1E,A1E,Newfoundland and Labrador,27115
A1G,A1G,Newfoundland and Labrador,5777
A1H,A1H,Newfoundland and Labrador,5493
A1K,A1K,Newfoundland and Labrador,12253
A1L,A1L,Newfoundland and Labrador,21376
A1M,A1M,Newfoundland and Labrador,8058
A1N,A1N,Newfoundland and Labrador,22957
A1S,A1S,Newfoundland and Labrador,6142
A1V,A1V,Newfoundland and Labrador,11698
A1W,A1W,Newfoundland and Labrador,11209
A1X,A1X,Newfoundland and Labrador,15003
A1Y,A1Y,Newfoundland and Labrador,5669
A2A,A2A,Newfoundland and Labrador,9610
A2B,A2B,Newfoundland and Labrador,4909
A2H,A2H,Newfoundland and Labrador,26092
A2N,A2N,Newfoundland and Labrador,8904
A2V,A2V,Newfoundland and Labrador,7288
A5A,A5A,Newfoundland and Labrador,8111
A8A,A8A,Newfoundland and Labrador,6901
B0C,B0C,Nova Scotia,2649
B0E,B0E,Nova Scotia,25881
B0H,B0H,Nova Scotia,9953
B0J,B0J,Nova Scotia,39302
B0K,B0K,Nova Scotia,35895
B0L,B0L,Nova Scotia,2364
B0M,B0M,Nova Scotia,16997
B0N,B0N,Nova Scotia,39559
B0P,B0P,Nova Scotia,40417
B0R,B0R,Nova Scotia,5779
B0S,B0S,Nova Scotia,17212
B0T,B0T,Nova Scotia,14607
B0V,B0V,Nova Scotia,5809
B0W,B0W,Nova Scotia,26951
B1A,B1A,Nova Scotia,15937
B1B,B1B,Nova Scotia,1196
B1C,B1C,Nova Scotia,1654
B1E,B1E,Nova Scotia,1564
B1G,B1G,Nova Scotia,1867
B1H,B1H,Nova Scotia,9642
B1J,B1J,Nova Scotia,969
B1K,B1K,Nova Scotia,3049
B1L,B1L,Nova Scotia,4905
B1M,B1M,Nova Scotia,1130
B1N,B1N,Nova Scotia,5705
B1P,B1P,Nova Scotia,14296
B1R,B1R,Nova Scotia,4318
B1S,B1S,Nova Scotia,8548
B1T,B1T,Nova Scotia,354
B1V,B1V,Nova Scotia,6311
B1W,B1W,Nova Scotia,3422
B1X,B1X,Nova Scotia,843
B1Y,B1Y,Nova Scotia,5885
B2A,B2A,Nova Scotia,8017
B2C,B2C,Nova Scotia,290
B2E,B2E,Nova Scotia,41
B2G,B2G,Nova Scotia,14361
B2H,B2H,Nova Scotia,14477
B2J,B2J,Nova Scotia,68
B2N,B2N,Nova Scotia,19842
B2R,B2R,Nova Scotia,2459
B2S,B2S,Nova Scotia,7583
B2T,B2T,Nova Scotia,16980
B2V,B2V,Nova Scotia,12230
B2W,B2W,Nova Scotia,32537
B2X,B2X,Nova Scotia,11629
B2Y,B2Y,Nova Scotia,14595
B2Z,B2Z,Nova Scotia,8258
B3A,B3A,Nova Scotia,20131
B3B,B3B,Nova Scotia,1438
B3E,B3E,Nova Scotia,6782
B3G,B3G,Nova Scotia,10593
B3H,B3H,Nova Scotia,18814
B3J,B3J,Nova Scotia,5901
B3K,B3K,Nova Scotia,20591
B3L,B3L,Nova Scotia,17534
B3M,B3M,Nova Scotia,32204
B3N,B3N,Nova Scotia,13604
B3P,B3P,Nova Scotia,9347
B3R,B3R,Nova Scotia,8484
B3S,B3S,Nova Scotia,12895
B3T,B3T,Nova Scotia,16884
B3V,B3V,Nova Scotia,5999
B3Z,B3Z,Nova Scotia,16905
B4A,B4A,Nova Scotia,17900
B4B,B4B,Nova Scotia,13028
B4C,B4C,Nova Scotia,18195
B4E,B4E,Nova Scotia,18259
B4G,B4G,Nova Scotia,5055
B4H,B4H,Nova Scotia,13422
B4N,B4N,Nova Scotia,17382
B4P,B4P,Nova Scotia,7784
B4R,B4R,Nova Scotia,2985
B4V,B4V,Nova Scotia,20167
B5A,B5A,Nova Scotia,15479
B6L,B6L,Nova Scotia,13007
B9A,B9A,Nova Scotia,4492
C0A,C0A,Prince Edward Island,44095
C0B,C0B,Prince Edward Island,28575
C1A,C1A,Prince Edward Island,24839
C1B,C1B,Prince Edward Island,13203
C1C,C1C,Prince Edward Island,4266
C1E,C1E,Prince Edward Island,11466
C1N,C1N,Prince Edward Island,16463
E1A,E1A,New Brunswick,43012
E1B,E1B,New Brunswick,19667
E1C,E1C,New Brunswick,23686
E1E,E1E,New Brunswick,11006
E1G,E1G,New Brunswick,22554
E1H,E1H,New Brunswick,7421
E1J,E1J,New Brunswick,3436
E1N,E1N,New Brunswick,11344
E1V,E1V,New Brunswick,13544
E1W,E1W,New Brunswick,6935
E1X,E1X,New Brunswick,14040
E2A,E2A,New Brunswick,17205
E2E,E2E,New Brunswick,19526
E2G,E2G,New Brunswick,5079
E2H,E2H,New Brunswick,4700
E2J,E2J,New Brunswick,15813
E2K,E2K,New Brunswick,17495
E2L,E2L,New Brunswick,7566
E2M,E2M,New Brunswick,18715
E2N,E2N,New Brunswick,4275
E2P,E2P,New Brunswick,1391
E2R,E2R,New Brunswick,10
E2S,E2S,New Brunswick,6822
E2V,E2V,New Brunswick,14649
E3A,E3A,New Brunswick,28167
E3B,E3B,New Brunswick,36946
E3C,E3C,New Brunswick,11594
E3E,E3E,New Brunswick,4600
E3G,E3G,New Brunswick,8687
E3L,E3L,New Brunswick,8618
E3N,E3N,New Brunswick,13533
E3V,E3V,New Brunswick,11742
E3Y,E3Y,New Brunswick,7355
E3Z,E3Z,New Brunswick,4080
E4A,E4A,New Brunswick,2926
E4B,E4B,New Brunswick,4190
E4C,E4C,New Brunswick,2186
E4E,E4E,New Brunswick,8906
E4G,E4G,New Brunswick,2737
E4H,E4H,New Brunswick,4014
E4J,E4J,New Brunswick,4840
E4K,E4K,New Brunswick,6315
E4L,E4L,New Brunswick,7009
E4M,E4M,New Brunswick,1772
E4N,E4N,New Brunswick,3712
E4P,E4P,New Brunswick,14586
E4R,E4R,New Brunswick,6285
E4S,E4S,New Brunswick,7013
E4T,E4T,New Brunswick,2159
E4V,E4V,New Brunswick,4246
E4W,E4W,New Brunswick,8069
E4X,E4X,New Brunswick,2976
E4Y,E4Y,New Brunswick,3038
E4Z,E4Z,New Brunswick,5618
E5A,E5A,New Brunswick,1698
E5B,E5B,New Brunswick,3037
E5C,E5C,New Brunswick,4221
E5E,E5E,New Brunswick,872
E5G,E5G,New Brunswick,2505
E5H,E5H,New Brunswick,2825
E5J,E5J,New Brunswick,1960
E5K,E5K,New Brunswick,7123
E5L,E5L,New Brunswick,2871
E5M,E5M,New Brunswick,2028
E5N,E5N,New Brunswick,11668
E5P,E5P,New Brunswick,2546
E5R,E5R,New Brunswick,1446
E5S,E5S,New Brunswick,1774
E5T,E5T,New Brunswick,3035
E5V,E5V,New Brunswick,797
E6A,E6A,New Brunswick,1254
E6B,E6B,New Brunswick,1590
E6C,E6C,New Brunswick,2044
E6E,E6E,New Brunswick,1512
E6G,E6G,New Brunswick,2519
E6H,E6H,New Brunswick,1210
E6J,E6J,New Brunswick,1185
E6K,E6K,New Brunswick,3787
E6L,E6L,New Brunswick,4660
E7A,E7A,New Brunswick,3707
E7B,E7B,New Brunswick,5701
E7C,E7C,New Brunswick,5229
E7E,E7E,New Brunswick,4279
E7G,E7G,New Brunswick,3720
E7H,E7H,New Brunswick,5577
E7J,E7J,New Brunswick,2069
E7K,E7K,New Brunswick,2564
E7L,E7L,New Brunswick,5195
E7M,E7M,New Brunswick,9908
E7N,E7N,New Brunswick,2966
E7P,E7P,New Brunswick,3591
E8A,E8A,New Brunswick,3679
E8B,E8B,New Brunswick,2333
E8C,E8C,New Brunswick,3544
E8E,E8E,New Brunswick,5224
E8G,E8G,New Brunswick,2642
E8J,E8J,New Brunswick,5614
E8K,E8K,New Brunswick,8668
E8L,E8L,New Brunswick,2356
E8M,E8M,New Brunswick,2059
E8N,E8N,New Brunswick,2549
E8P,E8P,New Brunswick,3450
E8R,E8R,New Brunswick,3174
E8S,E8S,New Brunswick,4578
E8T,E8T,New Brunswick,5758
E9A,E9A,New Brunswick,2254
E9B,E9B,New Brunswick,2336
E9C,E9C,New Brunswick,2115
E9E,E9E,New Brunswick,3953
E9G,E9G,New Brunswick,5290
E9H,E9H,New Brunswick,3041
G0A,G0A,Quebec,86140
G0C,G0C,Quebec,47114
G0E,G0E,Quebec,4773
G0G,G0G,Quebec,17665
G0H,G0H,Quebec,10540
G0J,G0J,Quebec,29251
G0K,G0K,Quebec,11587
G0L,G0L,Quebec,59524
G0M,G0M,Quebec,34021
G0N,G0N,Quebec,19489
G0P,G0P,Quebec,6816
G0R,G0R,Quebec,83573
G0S,G0S,Quebec,68020
G0T,G0T,Quebec,14063
G0V,G0V,Quebec,17614
G0W,G0W,Quebec,36076
G0X,G0X,Quebec,58779
G0Y,G0Y,Quebec,9052
G0Z,G0Z,Quebec,8596
G1A,G1A,Quebec,0
G1B,G1B,Quebec,16337
G1C,G1C,Quebec,36407
G1E,G1E,Quebec,27071
G1G,G1G,Quebec,24695
G1H,G1H,Quebec,29105
G1J,G1J,Quebec,23388
G1K,G1K,Quebec,18309
G1L,G1L,Quebec,22729
G1M,G1M,Quebec,19697
G1N,G1N,Quebec,8053
G1P,G1P,Quebec,16514
G1R,G1R,Quebec,16663
G1S,G1S,Quebec,25741
G1T,G1T,Quebec,6378
G1V,G1V,Quebec,18530
G1W,G1W,Quebec,21091
G1X,G1X,Quebec,25855
G1Y,G1Y,Quebec,12653
G2A,G2A,Quebec,15482
G2B,G2B,Quebec,24546
G2C,G2C,Quebec,11767
G2E,G2E,Quebec,20674
G2G,G2G,Quebec,10676
G2J,G2J,Quebec,2953
G2K,G2K,Quebec,10961
G2L,G2L,Quebec,14090
G2M,G2M,Quebec,5301
G2N,G2N,Quebec,8134
G3A,G3A,Quebec,19198
G3B,G3B,Quebec,7925
G3C,G3C,Quebec,8977
G3E,G3E,Quebec,15629
G3G,G3G,Quebec,10098
G3H,G3H,Quebec,9252
G3J,G3J,Quebec,10341
G3K,G3K,Quebec,18534
G3L,G3L,Quebec,10309
G3M,G3M,Quebec,7200
G3N,G3N,Quebec,9942
G3Z,G3Z,Quebec,7142
G4A,G4A,Quebec,3085
G4R,G4R,Quebec,20973
G4S,G4S,Quebec,5208
G4T,G4T,Quebec,12475
G4V,G4V,Quebec,6616
G4W,G4W,Quebec,14326
G4X,G4X,Quebec,14568
G4Z,G4Z,Quebec,9859
G5A,G5A,Quebec,8332
G5B,G5B,Quebec,6294
G5C,G5C,Quebec,11771
G5H,G5H,Quebec,6789
G5J,G5J,Quebec,6221
G5L,G5L,Quebec,29258
G5M,G5M,Quebec,8471
G5N,G5N,Quebec,7969
G5R,G5R,Quebec,19500
G5T,G5T,Quebec,2863
G5V,G5V,Quebec,11255
G5X,G5X,Quebec,6290
G5Y,G5Y,Quebec,23460
G5Z,G5Z,Quebec,6882
G6A,G6A,Quebec,2330
G6B,G6B,Quebec,8179
G6C,G6C,Quebec,7046
G6E,G6E,Quebec,13537
G6G,G6G,Quebec,19707
G6H,G6H,Quebec,7142
G6J,G6J,Quebec,10513
G6K,G6K,Quebec,8366
G6L,G6L,Quebec,15172
G6P,G6P,Quebec,29233
G6R,G6R,Quebec,4598
G6S,G6S,Quebec,5029
G6T,G6T,Quebec,10291
G6V,G6V,Quebec,31698
G6W,G6W,Quebec,23942
G6X,G6X,Quebec,9751
G6Y,G6Y,Quebec,5618
G6Z,G6Z,Quebec,23607
G7A,G7A,Quebec,22834
G7B,G7B,Quebec,17957
G7G,G7G,Quebec,16737
G7H,G7H,Quebec,28516
G7J,G7J,Quebec,14860
G7K,G7K,Quebec,648
G7N,G7N,Quebec,6367
G7P,G7P,Quebec,7244
G7S,G7S,Quebec,20099
G7T,G7T,Quebec,901
G7X,G7X,Quebec,25725
G7Y,G7Y,Quebec,622
G7Z,G7Z,Quebec,2823
G8A,G8A,Quebec,6179
G8B,G8B,Quebec,22664
G8C,G8C,Quebec,4209
G8E,G8E,Quebec,3841
G8G,G8G,Quebec,3991
G8H,G8H,Quebec,10303
G8J,G8J,Quebec,4154
G8K,G8K,Quebec,10238
G8L,G8L,Quebec,14753
G8M,G8M,Quebec,5286
G8N,G8N,Quebec,2533
G8P,G8P,Quebec,7537
G8T,G8T,Quebec,28121
G8V,G8V,Quebec,9484
G8W,G8W,Quebec,10311
G8Y,G8Y,Quebec,32509
G8Z,G8Z,Quebec,13573
G9A,G9A,Quebec,20220
G9B,G9B,Quebec,16948
G9C,G9C,Quebec,3247
G9H,G9H,Quebec,13028
G9N,G9N,Quebec,16114
G9P,G9P,Quebec,11318
G9R,G9R,Quebec,2274
G9T,G9T,Quebec,15914
G9X,G9X,Quebec,10745
H0M,H0M,Quebec,1202
H1A,H1A,Quebec,32516
H1B,H1B,Quebec,20160
H1C,H1C,Quebec,14678
H1E,H1E,Quebec,42420
H1G,H1G,Quebec,48556
H1H,H1H,Quebec,36127
H1J,H1J,Quebec,10308
H1K,H1K,Quebec,34821
H1L,H1L,Quebec,33468
H1M,H1M,Quebec,29359
H1N,H1N,Quebec,23870
H1P,H1P,Quebec,18063
H1R,H1R,Quebec,30903
H1S,H1S,Quebec,25737
H1T,H1T,Quebec,31338
H1V,H1V,Quebec,22086
H1W,H1W,Quebec,28889
H1X,H1X,Quebec,30366
H1Y,H1Y,Quebec,27172
H1Z,H1Z,Quebec,35472
H2A,H2A,Quebec,19651
H2B,H2B,Quebec,17678
H2C,H2C,Quebec,18692
H2E,H2E,Quebec,24297
H2G,H2G,Quebec,21981
H2H,H2H,Quebec,14671
H2J,H2J,Quebec,26559
H2K,H2K,Quebec,28727
H2L,H2L,Quebec,24222
H2M,H2M,Quebec,18621
H2N,H2N,Quebec,6334
H2P,H2P,Quebec,14693
H2R,H2R,Quebec,22436
H2S,H2S,Quebec,27359
H2T,H2T,Quebec,16272
H2V,H2V,Quebec,31323
H2W,H2W,Quebec,11305
H2X,H2X,Quebec,19901
H2Y,H2Y,Quebec,3455
H2Z,H2Z,Quebec,2313
H3A,H3A,Quebec,3580
H3B,H3B,Quebec,581
H3C,H3C,Quebec,10877
H3E,H3E,Quebec,20461
H3G,H3G,Quebec,7457
H3H,H3H,Quebec,19025
H3J,H3J,Quebec,11071
H3K,H3K,Quebec,14919
H3L,H3L,Quebec,20636
H3M,H3M,Quebec,15478
H3N,H3N,Quebec,28277
H3P,H3P,Quebec,10208
H3R,H3R,Quebec,9650
H3S,H3S,Quebec,33125
H3T,H3T,Quebec,12817
H3V,H3V,Quebec,6648
H3W,H3W,Quebec,30678
H3X,H3X,Quebec,23069
H3Y,H3Y,Quebec,9747
H3Z,H3Z,Quebec,11813
H4A,H4A,Quebec,26453
H4B,H4B,Quebec,20368
H4C,H4C,Quebec,17052
H4E,H4E,Quebec,30513
H4G,H4G,Quebec,29488
H4H,H4H,Quebec,19268
H4J,H4J,Quebec,18205
H4K,H4K,Quebec,11257
H4L,H4L,Quebec,36795
H4M,H4M,Quebec,12325
H4N,H4N,Quebec,29755
H4P,H4P,Quebec,7149
H4R,H4R,Quebec,27065
H4S,H4S,Quebec,560
H4T,H4T,Quebec,0
H4V,H4V,Quebec,20338
H4W,H4W,Quebec,24742
H4X,H4X,Quebec,6289
H4Y,H4Y,Quebec,5
H4Z,H4Z,Quebec,10
H5A,H5A,Quebec,0
H5B,H5B,Quebec,5
H7A,H7A,Quebec,20918
H7B,H7B,Quebec,3037
H7C,H7C,Quebec,8985
H7E,H7E,Quebec,26385
H7G,H7G,Quebec,21157
H7H,H7H,Quebec,13828
H7J,H7J,Quebec,2215
H7K,H7K,Quebec,22259
H7L,H7L,Quebec,37252
H7M,H7M,Quebec,27898
H7N,H7N,Quebec,42318
H7P,H7P,Quebec,35056
H7R,H7R,Quebec,30051
H7S,H7S,Quebec,7346
H7T,H7T,Quebec,24155
H7V,H7V,Quebec,22594
H7W,H7W,Quebec,41619
H7X,H7X,Quebec,26124
H7Y,H7Y,Quebec,9796
H8N,H8N,Quebec,29465
H8P,H8P,Quebec,22706
H8R,H8R,Quebec,29913
H8S,H8S,Quebec,24407
H8T,H8T,Quebec,14796
H8Y,H8Y,Quebec,19057
H8Z,H8Z,Quebec,15161
H9A,H9A,Quebec,15691
H9B,H9B,Quebec,20943
H9C,H9C,Quebec,11613
H9E,H9E,Quebec,3098
H9G,H9G,Quebec,15512
H9H,H9H,Quebec,25449
H9J,H9J,Quebec,21728
H9K,H9K,Quebec,8557
H9P,H9P,Quebec,3925
H9R,H9R,Quebec,23861
H9S,H9S,Quebec,22580
H9W,H9W,Quebec,19324
H9X,H9X,Quebec,9702
J0A,J0A,Quebec,18840
J0B,J0B,Quebec,62359
J0C,J0C,Quebec,22745
J0E,J0E,Quebec,48182
J0G,J0G,Quebec,18556
J0H,J0H,Quebec,52238
J0J,J0J,Quebec,41213
J0K,J0K,Quebec,139128
J0L,J0L,Quebec,75957
J0M,J0M,Quebec,23550
J0N,J0N,Quebec,49434
J0P,J0P,Quebec,39721
J0R,J0R,Quebec,35633
J0S,J0S,Quebec,31968
J0T,J0T,Quebec,46277
J0V,J0V,Quebec,25928
J0W,J0W,Quebec,16025
J0X,J0X,Quebec,45720
J0Y,J0Y,Quebec,29439
J0Z,J0Z,Quebec,34120
J1A,J1A,Quebec,9251
J1C,J1C,Quebec,6626
J1E,J1E,Quebec,23643
J1G,J1G,Quebec,19936
J1H,J1H,Quebec,27256
J1J,J1J,Quebec,14462
J1K,J1K,Quebec,6904
J1L,J1L,Quebec,14301
J1M,J1M,Quebec,5376
J1N,J1N,Quebec,32394
J1R,J1R,Quebec,10423
J1S,J1S,Quebec,7919
J1T,J1T,Quebec,7693
J1X,J1X,Quebec,31584
J1Z,J1Z,Quebec,5612
J2A,J2A,Quebec,11724
J2B,J2B,Quebec,30349
J2C,J2C,Quebec,29763
J2E,J2E,Quebec,4086
J2G,J2G,Quebec,28283
J2H,J2H,Quebec,19822
J2J,J2J,Quebec,18115
J2K,J2K,Quebec,16665
J2L,J2L,Quebec,9052
J2M,J2M,Quebec,6941
J2N,J2N,Quebec,8909
J2R,J2R,Quebec,10241
J2S,J2S,Quebec,29128
J2T,J2T,Quebec,16309
J2W,J2W,Quebec,28279
J2X,J2X,Quebec,19786
J2Y,J2Y,Quebec,5672
J3A,J3A,Quebec,8455
J3B,J3B,Quebec,32742
J3E,J3E,Quebec,29847
J3G,J3G,Quebec,31982
J3H,J3H,Quebec,25815
J3L,J3L,Quebec,48606
J3M,J3M,Quebec,10751
J3N,J3N,Quebec,17059
J3P,J3P,Quebec,24977
J3R,J3R,Quebec,14199
J3T,J3T,Quebec,8169
J3V,J3V,Quebec,25953
J3X,J3X,Quebec,21257
J3Y,J3Y,Quebec,61954
J3Z,J3Z,Quebec,4863
J4B,J4B,Quebec,41671
J4G,J4G,Quebec,9875
J4H,J4H,Quebec,15144
J4J,J4J,Quebec,29492
J4K,J4K,Quebec,25903
J4L,J4L,Quebec,30266
J4M,J4M,Quebec,13048
J4N,J4N,Quebec,9876
J4P,J4P,Quebec,10798
J4R,J4R,Quebec,9982
J4S,J4S,Quebec,6155
J4T,J4T,Quebec,17836
J4V,J4V,Quebec,16543
J4W,J4W,Quebec,18319
J4X,J4X,Quebec,17657
J4Y,J4Y,Quebec,23179
J4Z,J4Z,Quebec,26576
J5A,J5A,Quebec,27312
J5B,J5B,Quebec,7443
J5C,J5C,Quebec,17047
J5J,J5J,Quebec,15690
J5K,J5K,Quebec,16019
J5L,J5L,Quebec,20067
J5M,J5M,Quebec,20788
J5R,J5R,Quebec,45157
J5T,J5T,Quebec,13657
J5V,J5V,Quebec,7152
J5W,J5W,Quebec,25868
J5X,J5X,Quebec,8693
J5Y,J5Y,Quebec,29382
J5Z,J5Z,Quebec,27327
J6A,J6A,Quebec,33489
J6E,J6E,Quebec,43876
J6J,J6J,Quebec,23457
J6K,J6K,Quebec,24449
J6N,J6N,Quebec,15189
J6R,J6R,Quebec,13115
J6S,J6S,Quebec,23518
J6T,J6T,Quebec,17227
J6V,J6V,Quebec,12315
J6W,J6W,Quebec,32007
J6X,J6X,Quebec,23026
J6Y,J6Y,Quebec,19967
J6Z,J6Z,Quebec,18958
J7A,J7A,Quebec,14083
J7B,J7B,Quebec,13029
J7C,J7C,Quebec,41925
J7E,J7E,Quebec,30476
J7G,J7G,Quebec,17218
J7H,J7H,Quebec,6982
J7J,J7J,Quebec,23008
J7K,J7K,Quebec,34964
J7L,J7L,Quebec,11728
J7M,J7M,Quebec,24207
J7N,J7N,Quebec,27495
J7P,J7P,Quebec,24790
J7R,J7R,Quebec,36714
J7T,J7T,Quebec,26699
J7V,J7V,Quebec,63003
J7W,J7W,Quebec,14558
J7X,J7X,Quebec,5368
J7Y,J7Y,Quebec,24934
J7Z,J7Z,Quebec,29351
J8A,J8A,Quebec,9113
J8B,J8B,Quebec,12919
J8C,J8C,Quebec,10559
J8E,J8E,Quebec,9687
J8G,J8G,Quebec,7849
J8H,J8H,Quebec,13810
J8L,J8L,Quebec,18626
J8M,J8M,Quebec,12981
J8N,J8N,Quebec,12054
J8P,J8P,Quebec,33621
J8R,J8R,Quebec,29175
J8T,J8T,Quebec,39349
J8V,J8V,Quebec,26483
J8X,J8X,Quebec,9749
J8Y,J8Y,Quebec,23241
J8Z,J8Z,Quebec,14938
J9A,J9A,Quebec,21438
J9B,J9B,Quebec,6898
J9E,J9E,Quebec,7769
J9H,J9H,Quebec,31023
J9J,J9J,Quebec,32714
J9L,J9L,Quebec,14002
J9P,J9P,Quebec,32766
J9T,J9T,Quebec,13381
J9V,J9V,Quebec,3462
J9X,J9X,Quebec,23669
J9Y,J9Y,Quebec,10201
J9Z,J9Z,Quebec,7340
K0A,K0A,Ontario,103474
K0B,K0B,Ontario,20945
K0C,K0C,Ontario,52154
K0E,K0E,Ontario,38903
K0G,K0G,Ontario,37097
K0H,K0H,Ontario,44019
K0J,K0J,Ontario,33702
K0K,K0K,Ontario,111372
K0L,K0L,Ontario,71343
K0M,K0M,Ontario,49388
K1A,K1A,Ontario,589
K1B,K1B,Ontario,17110
K1C,K1C,Ontario,37662
K1E,K1E,Ontario,14803
K1G,K1G,Ontario,34075
K1H,K1H,Ontario,15796
K1J,K1J,Ontario,26931
K1K,K1K,Ontario,29499
K1L,K1L,Ontario,17021
K1M,K1M,Ontario,6695
K1N,K1N,Ontario,25063
K1P,K1P,Ontario,340
K1R,K1R,Ontario,18730
K1S,K1S,Ontario,28660
K1T,K1T,Ontario,35432
K1V,K1V,Ontario,54835
K1W,K1W,Ontario,10032
K1X,K1X,Ontario,835
K1Y,K1Y,Ontario,19774
K1Z,K1Z,Ontario,20983
K2A,K2A,Ontario,16790
K2B,K2B,Ontario,32260
K2C,K2C,Ontario,27941
K2E,K2E,Ontario,19034
K2G,K2G,Ontario,49222
K2H,K2H,Ontario,26402
K2J,K2J,Ontario,68963
K2K,K2K,Ontario,24431
K2L,K2L,Ontario,19162
K2M,K2M,Ontario,27028
K2P,K2P,Ontario,17603
K2R,K2R,Ontario,1188
K2S,K2S,Ontario,32061
K2T,K2T,Ontario,9447
K2V,K2V,Ontario,2435
K2W,K2W,Ontario,8660
K4A,K4A,Ontario,54524
K4B,K4B,Ontario,4793
K4C,K4C,Ontario,4530
K4K,K4K,Ontario,15368
K4M,K4M,Ontario,11009
K4P,K4P,Ontario,9821
K4R,K4R,Ontario,7435
K6A,K6A,Ontario,12538
K6H,K6H,Ontario,30949
K6J,K6J,Ontario,17644
K6K,K6K,Ontario,3153
K6T,K6T,Ontario,556
K6V,K6V,Ontario,27782
K7A,K7A,Ontario,16626
K7C,K7C,Ontario,17666
K7G,K7G,Ontario,8297
K7H,K7H,Ontario,15009
K7K,K7K,Ontario,31621
K7L,K7L,Ontario,17749
K7M,K7M,Ontario,47676
K7N,K7N,Ontario,7900
K7P,K7P,Ontario,21653
K7R,K7R,Ontario,14406
K7S,K7S,Ontario,12986
K7V,K7V,Ontario,13438
K8A,K8A,Ontario,25771
K8B,K8B,Ontario,442
K8H,K8H,Ontario,15205
K8N,K8N,Ontario,28462
K8P,K8P,Ontario,21289
K8R,K8R,Ontario,1418
K8V,K8V,Ontario,27192
K9A,K9A,Ontario,25677
K9H,K9H,Ontario,28597
K9J,K9J,Ontario,43047
K9K,K9K,Ontario,13155
K9L,K9L,Ontario,7364
K9V,K9V,Ontario,27760
L0A,L0A,Ontario,13590
L0B,L0B,Ontario,15146
L0C,L0C,Ontario,9414
L0E,L0E,Ontario,20497
L0G,L0G,Ontario,39873
L0H,L0H,Ontario,3385
L0J,L0J,Ontario,5003
L0K,L0K,Ontario,34722
L0L,L0L,Ontario,46902
L0M,L0M,Ontario,35844
L0N,L0N,Ontario,5050
L0P,L0P,Ontario,8543
L0R,L0R,Ontario,97999
L0S,L0S,Ontario,55265
L1A,L1A,Ontario,15304
L1B,L1B,Ontario,11977
L1C,L1C,Ontario,43531
L1E,L1E,Ontario,27117
L1G,L1G,Ontario,41124
L1H,L1H,Ontario,31261
L1J,L1J,Ontario,41793
L1K,L1K,Ontario,39697
L1L,L1L,Ontario,5742
L1M,L1M,Ontario,21878
L1N,L1N,Ontario,47572
L1P,L1P,Ontario,17479
L1R,L1R,Ontario,40287
L1S,L1S,Ontario,40689
L1T,L1T,Ontario,50536
L1V,L1V,Ontario,51910
L1W,L1W,Ontario,17033
L1X,L1X,Ontario,19481
L1Y,L1Y,Ontario,2005
L1Z,L1Z,Ontario,28446
L2A,L2A,Ontario,16532
L2E,L2E,Ontario,20956
L2G,L2G,Ontario,26096
L2H,L2H,Ontario,25616
L2J,L2J,Ontario,14463
L2M,L2M,Ontario,32759
L2N,L2N,Ontario,30648
L2P,L2P,Ontario,14517
L2R,L2R,Ontario,24496
L2S,L2S,Ontario,19006
L2T,L2T,Ontario,10684
L2V,L2V,Ontario,16268
L2W,L2W,Ontario,2043
L3B,L3B,Ontario,22980
L3C,L3C,Ontario,31670
L3K,L3K,Ontario,18226
L3M,L3M,Ontario,26845
L3P,L3P,Ontario,37764
L3R,L3R,Ontario,62298
L3S,L3S,Ontario,56117
L3T,L3T,Ontario,50669
L3V,L3V,Ontario,44915
L3X,L3X,Ontario,42239
L3Y,L3Y,Ontario,44469
L3Z,L3Z,Ontario,33666
L4A,L4A,Ontario,42174
L4B,L4B,Ontario,35858
L4C,L4C,Ontario,71152
L4E,L4E,Ontario,52207
L4G,L4G,Ontario,55445
L4H,L4H,Ontario,68382
L4J,L4J,Ontario,77214
L4K,L4K,Ontario,15591
L4L,L4L,Ontario,54282
L4M,L4M,Ontario,45991
L4N,L4N,Ontario,98663
L4P,L4P,Ontario,28916
L4R,L4R,Ontario,18153
L4S,L4S,Ontario,35803
L4T,L4T,Ontario,38445
L4V,L4V,Ontario,5
L4W,L4W,Ontario,20761
L4X,L4X,Ontario,19592
L4Y,L4Y,Ontario,23796
L4Z,L4Z,Ontario,38102
L5A,L5A,Ontario,47828
L5B,L5B,Ontario,63394
L5C,L5C,Ontario,29687
L5E,L5E,Ontario,12731
L5G,L5G,Ontario,20206
L5H,L5H,Ontario,17608
L5J,L5J,Ontario,28089
L5K,L5K,Ontario,13967
L5L,L5L,Ontario,44860
L5M,L5M,Ontario,104868
L5N,L5N,Ontario,84829
L5R,L5R,Ontario,37126
L5S,L5S,Ontario,5
L5T,L5T,Ontario,5
L5V,L5V,Ontario,50821
L5W,L5W,Ontario,24871
L6A,L6A,Ontario,85794
L6B,L6B,Ontario,29411
L6C,L6C,Ontario,50929
L6E,L6E,Ontario,36356
L6G,L6G,Ontario,5370
L6H,L6H,Ontario,60913
L6J,L6J,Ontario,24673
L6K,L6K,Ontario,13009
L6L,L6L,Ontario,29742
L6M,L6M,Ontario,65493
L6P,L6P,Ontario,82182
L6R,L6R,Ontario,88002
L6S,L6S,Ontario,53308
L6T,L6T,Ontario,38451
L6V,L6V,Ontario,41853
L6W,L6W,Ontario,22128
L6X,L6X,Ontario,67070
L6Y,L6Y,Ontario,87654
L6Z,L6Z,Ontario,32749
L7A,L7A,Ontario,80236
L7B,L7B,Ontario,14863
L7C,L7C,Ontario,24632
L7E,L7E,Ontario,33934
L7G,L7G,Ontario,46057
L7J,L7J,Ontario,13634
L7K,L7K,Ontario,8231
L7L,L7L,Ontario,46761
L7M,L7M,Ontario,47925
L7N,L7N,Ontario,12972
L7P,L7P,Ontario,29700
L7R,L7R,Ontario,15866
L7S,L7S,Ontario,12191
L7T,L7T,Ontario,17728
L8E,L8E,Ontario,39398
L8G,L8G,Ontario,21547
L8H,L8H,Ontario,25892
L8J,L8J,Ontario,24381
L8K,L8K,Ontario,31449
L8L,L8L,Ontario,30825
L8M,L8M,Ontario,13533
L8N,L8N,Ontario,13819
L8P,L8P,Ontario,22734
L8R,L8R,Ontario,10817
L8S,L8S,Ontario,14311
L8T,L8T,Ontario,19042
L8V,L8V,Ontario,21207
L8W,L8W,Ontario,25793
L9A,L9A,Ontario,24904
L9B,L9B,Ontario,24033
L9C,L9C,Ontario,40155
L9E,L9E,Ontario,723
L9G,L9G,Ontario,23560
L9H,L9H,Ontario,31125
L9J,L9J,Ontario,596
L9K,L9K,Ontario,14264
L9L,L9L,Ontario,14897
L9M,L9M,Ontario,14825
L9N,L9N,Ontario,11533
L9P,L9P,Ontario,16814
L9R,L9R,Ontario,21313
L9S,L9S,Ontario,28567
L9T,L9T,Ontario,103839
L9V,L9V,Ontario,13643
L9W,L9W,Ontario,44867
L9Y,L9Y,Ontario,24766
L9Z,L9Z,Ontario,20647
M1B,M1B,Ontario,66108
M1C,M1C,Ontario,35626
M1E,M1E,Ontario,46943
M1G,M1G,Ontario,29690
M1H,M1H,Ontario,24383
M1J,M1J,Ontario,36699
M1K,M1K,Ontario,48434
M1L,M1L,Ontario,35081
M1M,M1M,Ontario,22913
M1N,M1N,Ontario,22136
M1P,M1P,Ontario,45571
M1R,M1R,Ontario,29858
M1S,M1S,Ontario,37769
M1T,M1T,Ontario,34588
M1V,M1V,Ontario,54680
M1W,M1W,Ontario,48471
M1X,M1X,Ontario,15097
M2H,M2H,Ontario,24497
M2J,M2J,Ontario,58293
M2K,M2K,Ontario,23852
M2L,M2L,Ontario,11717
M2M,M2M,Ontario,32320
M2N,M2N,Ontario,75897
M2P,M2P,Ontario,7843
M2R,M2R,Ontario,40792
M3A,M3A,Ontario,34615
M3B,M3B,Ontario,13324
M3C,M3C,Ontario,39153
M3H,M3H,Ontario,37011
M3J,M3J,Ontario,25473
M3K,M3K,Ontario,5997
M3L,M3L,Ontario,17339
M3M,M3M,Ontario,24046
M3N,M3N,Ontario,41958
M4A,M4A,Ontario,14443
M4B,M4B,Ontario,18628
M4C,M4C,Ontario,46866
M4E,M4E,Ontario,25044
M4G,M4G,Ontario,19076
M4H,M4H,Ontario,19688
M4J,M4J,Ontario,35738
M4K,M4K,Ontario,31583
M4L,M4L,Ontario,32640
M4M,M4M,Ontario,24689
M4N,M4N,Ontario,15330
M4P,M4P,Ontario,20039
M4R,M4R,Ontario,11394
M4S,M4S,Ontario,26506
M4T,M4T,Ontario,10463
M4V,M4V,Ontario,18241
M4W,M4W,Ontario,14561
M4X,M4X,Ontario,20822
M4Y,M4Y,Ontario,30472
M5A,M5A,Ontario,41078
M5B,M5B,Ontario,12785
M5C,M5C,Ontario,2951
M5E,M5E,Ontario,9118
M5G,M5G,Ontario,8423
M5H,M5H,Ontario,2005
M5J,M5J,Ontario,14545
M5K,M5K,Ontario,0
M5L,M5L,Ontario,0
M5M,M5M,Ontario,25975
M5N,M5N,Ontario,16610
M5P,M5P,Ontario,19423
M5R,M5R,Ontario,26496
M5S,M5S,Ontario,15372
M5T,M5T,Ontario,17748
M5V,M5V,Ontario,49195
M5W,M5W,Ontario,15
M5X,M5X,Ontario,10
M6A,M6A,Ontario,21048
M6B,M6B,Ontario,28522
M6C,M6C,Ontario,24596
M6E,M6E,Ontario,38041
M6G,M6G,Ontario,32086
M6H,M6H,Ontario,44950
M6J,M6J,Ontario,32684
M6K,M6K,Ontario,40957
M6L,M6L,Ontario,20616
M6M,M6M,Ontario,42434
M6N,M6N,Ontario,41243
M6P,M6P,Ontario,40035
M6R,M6R,Ontario,19857
M6S,M6S,Ontario,34299
M7A,M7A,Ontario,10
M7Y,M7Y,Ontario,10
M8V,M8V,Ontario,37975
M8W,M8W,Ontario,20674
M8X,M8X,Ontario,10787
M8Y,M8Y,Ontario,21299
M8Z,M8Z,Ontario,17038
M9A,M9A,Ontario,35594
M9B,M9B,Ontario,32400
M9C,M9C,Ontario,38291
M9L,M9L,Ontario,11950
M9M,M9M,Ontario,22263
M9N,M9N,Ontario,25074
M9P,M9P,Ontario,20874
M9R,M9R,Ontario,33743
M9V,M9V,Ontario,55959
M9W,M9W,Ontario,40684
N0A,N0A,Ontario,29853
N0B,N0B,Ontario,80222
N0C,N0C,Ontario,15438
N0E,N0E,Ontario,34772
N0G,N0G,Ontario,83818
N0H,N0H,Ontario,48330
N0J,N0J,Ontario,32428
N0K,N0K,Ontario,24378
N0L,N0L,Ontario,46908
N0M,N0M,Ontario,64764
N0N,N0N,Ontario,40649
N0P,N0P,Ontario,52190
N0R,N0R,Ontario,46403
N1A,N1A,Ontario,12000
N1C,N1C,Ontario,3829
N1E,N1E,Ontario,40591
N1G,N1G,Ontario,27330
N1H,N1H,Ontario,43789
N1K,N1K,Ontario,9266
N1L,N1L,Ontario,14311
N1M,N1M,Ontario,15998
N1P,N1P,Ontario,7594
N1R,N1R,Ontario,42210
N1S,N1S,Ontario,19510
N1T,N1T,Ontario,17670
N2A,N2A,Ontario,29858
N2B,N2B,Ontario,16501
N2C,N2C,Ontario,16111
N2E,N2E,Ontario,39149
N2G,N2G,Ontario,13407
N2H,N2H,Ontario,21058
N2J,N2J,Ontario,18659
N2K,N2K,Ontario,27253
N2L,N2L,Ontario,27758
N2M,N2M,Ontario,33221
N2N,N2N,Ontario,26490
N2P,N2P,Ontario,19975
N2R,N2R,Ontario,12302
N2T,N2T,Ontario,20701
N2V,N2V,Ontario,16900
N2Z,N2Z,Ontario,10856
N3A,N3A,Ontario,16123
N3B,N3B,Ontario,12418
N3C,N3C,Ontario,26662
N3E,N3E,Ontario,279
N3H,N3H,Ontario,21544
N3L,N3L,Ontario,14684
N3P,N3P,Ontario,8597
N3R,N3R,Ontario,34276
N3S,N3S,Ontario,25765
N3T,N3T,Ontario,34317
N3V,N3V,Ontario,1607
N3W,N3W,Ontario,13409
N3Y,N3Y,Ontario,22419
N4B,N4B,Ontario,7772
N4G,N4G,Ontario,19389
N4K,N4K,Ontario,28286
N4L,N4L,Ontario,8117
N4N,N4N,Ontario,9901
N4S,N4S,Ontario,32254
N4T,N4T,Ontario,10818
N4V,N4V,Ontario,2983
N4W,N4W,Ontario,11199
N4X,N4X,Ontario,9791
N4Z,N4Z,Ontario,2432
N5A,N5A,Ontario,31302
N5C,N5C,Ontario,14856
N5H,N5H,Ontario,15199
N5L,N5L,Ontario,2795
N5P,N5P,Ontario,19945
N5R,N5R,Ontario,27368
N5V,N5V,Ontario,30857
N5W,N5W,Ontario,23250
N5X,N5X,Ontario,32897
N5Y,N5Y,Ontario,34037
N5Z,N5Z,Ontario,23755
N6A,N6A,Ontario,11317
N6B,N6B,Ontario,10103
N6C,N6C,Ontario,30510
N6E,N6E,Ontario,27508
N6G,N6G,Ontario,40677
N6H,N6H,Ontario,40604
N6J,N6J,Ontario,26943
N6K,N6K,Ontario,34766
N6L,N6L,Ontario,3023
N6M,N6M,Ontario,5747
N6N,N6N,Ontario,671
N6P,N6P,Ontario,8796
N7A,N7A,Ontario,11720
N7G,N7G,Ontario,17880
N7L,N7L,Ontario,24724
N7M,N7M,Ontario,24479
N7S,N7S,Ontario,27879
N7T,N7T,Ontario,26347
N7V,N7V,Ontario,11877
N7W,N7W,Ontario,1935
N7X,N7X,Ontario,1094
N8A,N8A,Ontario,13975
N8H,N8H,Ontario,25905
N8M,N8M,Ontario,11110
N8N,N8N,Ontario,24162
N8P,N8P,Ontario,12195
N8R,N8R,Ontario,12085
N8S,N8S,Ontario,21819
N8T,N8T,Ontario,17658
N8W,N8W,Ontario,23796
N8X,N8X,Ontario,15575
N8Y,N8Y,Ontario,18935
N9A,N9A,Ontario,25160
N9B,N9B,Ontario,17804
N9C,N9C,Ontario,11484
N9E,N9E,Ontario,20688
N9G,N9G,Ontario,19787
N9H,N9H,Ontario,10227
N9J,N9J,Ontario,19358
N9K,N9K,Ontario,2761
N9V,N9V,Ontario,20208
N9Y,N9Y,Ontario,14814
P0A,P0A,Ontario,16481
P0B,P0B,Ontario,9138
P0C,P0C,Ontario,3834
P0E,P0E,Ontario,3149
P0G,P0G,Ontario,3119
P0H,P0H,Ontario,31187
P0J,P0J,Ontario,20848
P0K,P0K,Ontario,11374
P0L,P0L,Ontario,24896
P0M,P0M,Ontario,49750
P0N,P0N,Ontario,9420
P0P,P0P,Ontario,19461
P0R,P0R,Ontario,12479
P0S,P0S,Ontario,9869
P0T,P0T,Ontario,33027
P0V,P0V,Ontario,21722
P0W,P0W,Ontario,6410
P0X,P0X,Ontario,8133
P0Y,P0Y,Ontario,30
P1A,P1A,Ontario,16586
P1B,P1B,Ontario,32345
P1C,P1C,Ontario,3395
P1H,P1H,Ontario,16271
P1L,P1L,Ontario,16548
P1P,P1P,Ontario,10393
P2A,P2A,Ontario,12990
P2B,P2B,Ontario,9747
P2N,P2N,Ontario,7188
P3A,P3A,Ontario,24053
P3B,P3B,Ontario,15548
P3C,P3C,Ontario,16249
P3E,P3E,Ontario,27210
P3G,P3G,Ontario,4001
P3L,P3L,Ontario,8036
P3N,P3N,Ontario,8125
P3P,P3P,Ontario,15468
P3Y,P3Y,Ontario,7455
P4N,P4N,Ontario,24575
P4P,P4P,Ontario,3367
P4R,P4R,Ontario,4847
P5A,P5A,Ontario,10741
P5E,P5E,Ontario,5229
P5N,P5N,Ontario,8467
P6A,P6A,Ontario,34720
P6B,P6B,Ontario,22847
P6C,P6C,Ontario,19322
P7A,P7A,Ontario,28418
P7B,P7B,Ontario,21917
P7C,P7C,Ontario,21880
P7E,P7E,Ontario,20997
P7G,P7G,Ontario,12432
P7J,P7J,Ontario,5130
P7K,P7K,Ontario,6521
P7L,P7L,Ontario,1942
P8N,P8N,Ontario,10048
P8T,P8T,Ontario,5002
P9A,P9A,Ontario,10651
P9N,P9N,Ontario,14009
R0A,R0A,Manitoba,46213
R0B,R0B,Manitoba,48048
R0C,R0C,Manitoba,52620
R0E,R0E,Manitoba,46836
R0G,R0G,Manitoba,44069
R0H,R0H,Manitoba,16938
R0J,R0J,Manitoba,27342
R0K,R0K,Manitoba,27772
R0L,R0L,Manitoba,26815
R0M,R0M,Manitoba,19864
R1A,R1A,Manitoba,21390
R1B,R1B,Manitoba,252
R1C,R1C,Manitoba,3714
R1N,R1N,Manitoba,16788
R2C,R2C,Manitoba,33556
R2E,R2E,Manitoba,9256
R2G,R2G,Manitoba,33030
R2H,R2H,Manitoba,15914
R2J,R2J,Manitoba,26499
R2K,R2K,Manitoba,33413
R2L,R2L,Manitoba,14818
R2M,R2M,Manitoba,38195
R2N,R2N,Manitoba,30306
R2P,R2P,Manitoba,32557
R2R,R2R,Manitoba,21377
R2V,R2V,Manitoba,35235
R2W,R2W,Manitoba,28874
R2X,R2X,Manitoba,19149
R2Y,R2Y,Manitoba,19887
R3A,R3A,Manitoba,4711
R3B,R3B,Manitoba,12963
R3C,R3C,Manitoba,14364
R3E,R3E,Manitoba,19703
R3G,R3G,Manitoba,25490
R3H,R3H,Manitoba,106
R3J,R3J,Manitoba,27636
R3K,R3K,Manitoba,12444
R3L,R3L,Manitoba,20078
R3M,R3M,Manitoba,22582
R3N,R3N,Manitoba,16847
R3P,R3P,Manitoba,19605
R3R,R3R,Manitoba,24684
R3S,R3S,Manitoba,538
R3T,R3T,Manitoba,48009
R3V,R3V,Manitoba,6400
R3W,R3W,Manitoba,9845
R3X,R3X,Manitoba,17962
R3Y,R3Y,Manitoba,21896
R4A,R4A,Manitoba,4520
R4G,R4G,Manitoba,1174
R4H,R4H,Manitoba,2611
R4J,R4J,Manitoba,953
R4K,R4K,Manitoba,883
R4L,R4L,Manitoba,1219
R5A,R5A,Manitoba,3408
R5G,R5G,Manitoba,21738
R5H,R5H,Manitoba,5839
R6M,R6M,Manitoba,10229
R6W,R6W,Manitoba,20229
R7A,R7A,Manitoba,29405
R7B,R7B,Manitoba,20977
R7C,R7C,Manitoba,2448
R7N,R7N,Manitoba,10321
R8A,R8A,Manitoba,5300
R8N,R8N,Manitoba,13848
R9A,R9A,Manitoba,6673
S0A,S0A,Saskatchewan,52641
S0C,S0C,Saskatchewan,23395
S0E,S0E,Saskatchewan,32755
S0G,S0G,Saskatchewan,63488
S0H,S0H,Saskatchewan,22746
S0J,S0J,Saskatchewan,49995
S0K,S0K,Saskatchewan,89853
S0L,S0L,Saskatchewan,30870
S0M,S0M,Saskatchewan,48321
S0N,S0N,Saskatchewan,21447
S0P,S0P,Saskatchewan,7249
S2V,S2V,Saskatchewan,865
S3N,S3N,Saskatchewan,18658
S4A,S4A,Saskatchewan,12481
S4H,S4H,Saskatchewan,11193
S4L,S4L,Saskatchewan,5646
S4M,S4M,Saskatchewan,153
S4N,S4N,Saskatchewan,31167
S4P,S4P,Saskatchewan,13423
S4R,S4R,Saskatchewan,35561
S4S,S4S,Saskatchewan,34958
S4T,S4T,Saskatchewan,31932
S4V,S4V,Saskatchewan,28386
S4W,S4W,Saskatchewan,8283
S4X,S4X,Saskatchewan,27895
S4Y,S4Y,Saskatchewan,4537
S4Z,S4Z,Saskatchewan,1200
S6H,S6H,Saskatchewan,27471
S6J,S6J,Saskatchewan,5317
S6K,S6K,Saskatchewan,1415
S6V,S6V,Saskatchewan,41092
S6W,S6W,Saskatchewan,141
S6X,S6X,Saskatchewan,2141
S7H,S7H,Saskatchewan,35686
S7J,S7J,Saskatchewan,31223
S7K,S7K,Saskatchewan,39174
S7L,S7L,Saskatchewan,39478
S7M,S7M,Saskatchewan,31112
S7N,S7N,Saskatchewan,27214
S7P,S7P,Saskatchewan,158
S7R,S7R,Saskatchewan,8056
S7S,S7S,Saskatchewan,5906
S7T,S7T,Saskatchewan,13202
S7V,S7V,Saskatchewan,10780
S7W,S7W,Saskatchewan,13625
S9A,S9A,Saskatchewan,15547
S9H,S9H,Saskatchewan,18070
S9V,S9V,Saskatchewan,14694
S9X,S9X,Saskatchewan,7798
T0A,T0A,Alberta,59234
T0B,T0B,Alberta,64072
T0C,T0C,Alberta,62701
T0E,T0E,Alberta,43729
T0G,T0G,Alberta,42905
T0H,T0H,Alberta,84336
T0J,T0J,Alberta,50783
T0K,T0K,Alberta,55487
T0L,T0L,Alberta,61161
T0M,T0M,Alberta,67484
T0P,T0P,Alberta,3631
T0V,T0V,Alberta,19
T1A,T1A,Alberta,25409
T1B,T1B,Alberta,32769
T1C,T1C,Alberta,9391
T1G,T1G,Alberta,10339
T1H,T1H,Alberta,27385
T1J,T1J,Alberta,22960
T1K,T1K,Alberta,45932
T1L,T1L,Alberta,7442
T1M,T1M,Alberta,9379
T1P,T1P,Alberta,16843
T1R,T1R,Alberta,17011
T1S,T1S,Alberta,32951
T1V,T1V,Alberta,15593
T1W,T1W,Alberta,14755
T1X,T1X,Alberta,22496
T1Y,T1Y,Alberta,57237
T1Z,T1Z,Alberta,639
T2A,T2A,Alberta,59641
T2B,T2B,Alberta,23418
T2C,T2C,Alberta,20406
T2E,T2E,Alberta,34729
T2G,T2G,Alberta,14370
T2H,T2H,Alberta,9372
T2J,T2J,Alberta,46394
T2K,T2K,Alberta,35544
T2L,T2L,Alberta,14214
T2M,T2M,Alberta,21086
T2N,T2N,Alberta,26342
T2P,T2P,Alberta,13056
T2R,T2R,Alberta,13879
T2S,T2S,Alberta,14637
T2T,T2T,Alberta,29706
T2V,T2V,Alberta,33450
T2W,T2W,Alberta,42377
T2X,T2X,Alberta,43339
T2Y,T2Y,Alberta,61344
T2Z,T2Z,Alberta,68438
T3A,T3A,Alberta,53224
T3B,T3B,Alberta,37348
T3C,T3C,Alberta,23519
T3E,T3E,Alberta,41415
T3G,T3G,Alberta,59025
T3H,T3H,Alberta,71251
T3J,T3J,Alberta,77605
T3K,T3K,Alberta,80792
T3L,T3L,Alberta,30168
T3M,T3M,Alberta,40268
T3N,T3N,Alberta,12483
T3P,T3P,Alberta,15578
T3R,T3R,Alberta,23866
T3S,T3S,Alberta,303
T3Z,T3Z,Alberta,11209
T4A,T4A,Alberta,16054
T4B,T4B,Alberta,48548
T4C,T4C,Alberta,30566
T4E,T4E,Alberta,2252
T4G,T4G,Alberta,12696
T4H,T4H,Alberta,12316
T4J,T4J,Alberta,11373
T4L,T4L,Alberta,17128
T4M,T4M,Alberta,4742
T4N,T4N,Alberta,33829
T4P,T4P,Alberta,32478
T4R,T4R,Alberta,36570
T4S,T4S,Alberta,20374
T4T,T4T,Alberta,13389
T4V,T4V,Alberta,20843
T4X,T4X,Alberta,20715
T5A,T5A,Alberta,35049
T5B,T5B,Alberta,15746
T5C,T5C,Alberta,16192
T5E,T5E,Alberta,32242
T5G,T5G,Alberta,12793
T5H,T5H,Alberta,26290
T5J,T5J,Alberta,5281
T5K,T5K,Alberta,22814
T5L,T5L,Alberta,17124
T5M,T5M,Alberta,15261
T5N,T5N,Alberta,14579
T5P,T5P,Alberta,21557
T5R,T5R,Alberta,25867
T5S,T5S,Alberta,4843
T5T,T5T,Alberta,69914
T5V,T5V,Alberta,146
T5W,T5W,Alberta,20652
T5X,T5X,Alberta,41912
T5Y,T5Y,Alberta,45947
T5Z,T5Z,Alberta,30715
T6A,T6A,Alberta,14767
T6B,T6B,Alberta,9503
T6C,T6C,Alberta,20587
T6E,T6E,Alberta,22674
T6G,T6G,Alberta,12634
T6H,T6H,Alberta,30171
T6J,T6J,Alberta,47109
T6K,T6K,Alberta,29838
T6L,T6L,Alberta,51562
T6M,T6M,Alberta,28187
T6N,T6N,Alberta,25
T6P,T6P,Alberta,1798
T6R,T6R,Alberta,45145
T6S,T6S,Alberta,96
T6T,T6T,Alberta,37150
T6V,T6V,Alberta,19927
T6W,T6W,Alberta,50904
T6X,T6X,Alberta,35649
T7A,T7A,Alberta,11756
T7E,T7E,Alberta,13989
T7N,T7N,Alberta,7795
T7P,T7P,Alberta,7536
T7S,T7S,Alberta,12691
T7V,T7V,Alberta,10575
T7X,T7X,Alberta,44071
T7Y,T7Y,Alberta,6891
T7Z,T7Z,Alberta,26014
T8A,T8A,Alberta,43987
T8B,T8B,Alberta,6440
T8C,T8C,Alberta,4502
T8E,T8E,Alberta,8104
T8G,T8G,Alberta,4848
T8H,T8H,Alberta,28688
T8L,T8L,Alberta,26423
T8N,T8N,Alberta,65527
T8R,T8R,Alberta,15088
T8S,T8S,Alberta,8007
T8T,T8T,Alberta,7037
T8V,T8V,Alberta,31893
T8W,T8W,Alberta,21466
T8X,T8X,Alberta,19287
T9A,T9A,Alberta,15660
T9C,T9C,Alberta,6831
T9E,T9E,Alberta,31710
T9G,T9G,Alberta,7159
T9H,T9H,Alberta,26732
T9J,T9J,Alberta,3630
T9K,T9K,Alberta,39305
T9M,T9M,Alberta,18253
T9N,T9N,Alberta,9082
T9S,T9S,Alberta,6898
T9V,T9V,Alberta,20959
T9W,T9W,Alberta,8062
T9X,T9X,Alberta,5841
V0A,V0A,British Columbia,13920
V0B,V0B,British Columbia,33080
V0C,V0C,British Columbia,28830
V0E,V0E,British Columbia,65606
V0G,V0G,British Columbia,26047
V0H,V0H,British Columbia,53380
V0J,V0J,British Columbia,52919
V0K,V0K,British Columbia,32908
V0L,V0L,British Columbia,4577
V0M,V0M,British Columbia,11761
V0N,V0N,British Columbia,79501
V0P,V0P,British Columbia,6726
V0R,V0R,British Columbia,66795
V0S,V0S,British Columbia,266
V0T,V0T,British Columbia,8645
V0V,V0V,British Columbia,2033
V0W,V0W,British Columbia,557
V0X,V0X,British Columbia,20629
V1A,V1A,British Columbia,8414
V1B,V1B,British Columbia,21395
V1C,V1C,British Columbia,25413
V1E,V1E,British Columbia,19344
V1G,V1G,British Columbia,15676
V1H,V1H,British Columbia,13427
V1J,V1J,British Columbia,23782
V1K,V1K,British Columbia,9265
V1L,V1L,British Columbia,16801
V1M,V1M,British Columbia,31176
V1N,V1N,British Columbia,12546
V1P,V1P,British Columbia,8028
V1R,V1R,British Columbia,10021
V1S,V1S,British Columbia,11279
V1T,V1T,British Columbia,27997
V1V,V1V,British Columbia,21155
V1W,V1W,British Columbia,34573
V1X,V1X,British Columbia,33273
V1Y,V1Y,British Columbia,34310
V1Z,V1Z,British Columbia,14368
V2A,V2A,British Columbia,37469
V2B,V2B,British Columbia,39843
V2C,V2C,British Columbia,23661
V2E,V2E,British Columbia,14672
V2G,V2G,British Columbia,17970
V2H,V2H,British Columbia,6201
V2J,V2J,British Columbia,22667
V2K,V2K,British Columbia,20924
V2L,V2L,British Columbia,9947
V2M,V2M,British Columbia,23318
V2N,V2N,British Columbia,32137
V2P,V2P,British Columbia,36329
V2R,V2R,British Columbia,48608
V2S,V2S,British Columbia,48647
V2T,V2T,British Columbia,56111
V2V,V2V,British Columbia,33534
V2W,V2W,British Columbia,19022
V2X,V2X,British Columbia,47944
V2Y,V2Y,British Columbia,35222
V2Z,V2Z,British Columbia,15520
V3A,V3A,British Columbia,42397
V3B,V3B,British Columbia,56524
V3C,V3C,British Columbia,38818
V3E,V3E,British Columbia,39365
V3G,V3G,British Columbia,24150
V3H,V3H,British Columbia,37222
V3J,V3J,British Columbia,40921
V3K,V3K,British Columbia,30495
V3L,V3L,British Columbia,27724
V3M,V3M,British Columbia,43423
V3N,V3N,British Columbia,39354
V3R,V3R,British Columbia,57844
V3S,V3S,British Columbia,95349
V3T,V3T,British Columbia,38549
V3V,V3V,British Columbia,48927
V3W,V3W,British Columbia,92447
V3X,V3X,British Columbia,28510
V3Y,V3Y,British Columbia,18861
V3Z,V3Z,British Columbia,29265
V4A,V4A,British Columbia,36390
V4B,V4B,British Columbia,19952
V4C,V4C,British Columbia,44169
V4E,V4E,British Columbia,11839
V4G,V4G,British Columbia,86
V4K,V4K,British Columbia,24414
V4L,V4L,British Columbia,7893
V4M,V4M,British Columbia,14512
V4N,V4N,British Columbia,78675
V4P,V4P,British Columbia,12224
V4R,V4R,British Columbia,15285
V4S,V4S,British Columbia,7326
V4T,V4T,British Columbia,27996
V4V,V4V,British Columbia,14614
V4W,V4W,British Columbia,19443
V4X,V4X,British Columbia,12774
V4Z,V4Z,British Columbia,4851
V5A,V5A,British Columbia,23960
V5B,V5B,British Columbia,22454
V5C,V5C,British Columbia,30408
V5E,V5E,British Columbia,26272
V5G,V5G,British Columbia,19862
V5H,V5H,British Columbia,38845
V5J,V5J,British Columbia,21918
V5K,V5K,British Columbia,23016
V5L,V5L,British Columbia,19720
V5M,V5M,British Columbia,23053
V5N,V5N,British Columbia,35045
V5P,V5P,British Columbia,31920
V5R,V5R,British Columbia,46565
V5S,V5S,British Columbia,28773
V5T,V5T,British Columbia,23911
V5V,V5V,British Columbia,24560
V5W,V5W,British Columbia,19706
V5X,V5X,British Columbia,28820
V5Y,V5Y,British Columbia,17201
V5Z,V5Z,British Columbia,22547
V6A,V6A,British Columbia,18719
V6B,V6B,British Columbia,29376
V6C,V6C,British Columbia,2554
V6E,V6E,British Columbia,26907
V6G,V6G,British Columbia,27198
V6H,V6H,British Columbia,17848
V6J,V6J,British Columbia,22188
V6K,V6K,British Columbia,26424
V6L,V6L,British Columbia,10479
V6M,V6M,British Columbia,16348
V6N,V6N,British Columbia,14057
V6P,V6P,British Columbia,30697
V6R,V6R,British Columbia,19416
V6S,V6S,British Columbia,12152
V6T,V6T,British Columbia,12722
V6V,V6V,British Columbia,11177
V6W,V6W,British Columbia,1628
V6X,V6X,British Columbia,33695
V6Y,V6Y,British Columbia,47768
V6Z,V6Z,British Columbia,17832
V7A,V7A,British Columbia,26618
V7B,V7B,British Columbia,814
V7C,V7C,British Columbia,39252
V7E,V7E,British Columbia,37357
V7G,V7G,British Columbia,11673
V7H,V7H,British Columbia,13232
V7J,V7J,British Columbia,16743
V7K,V7K,British Columbia,12391
V7L,V7L,British Columbia,26608
V7M,V7M,British Columbia,20181
V7N,V7N,British Columbia,14883
V7P,V7P,British Columbia,13034
V7R,V7R,British Columbia,14770
V7S,V7S,British Columbia,10521
V7T,V7T,British Columbia,9274
V7V,V7V,British Columbia,14952
V7W,V7W,British Columbia,8611
V7X,V7X,British Columbia,0
V7Y,V7Y,British Columbia,5
V8A,V8A,British Columbia,18135
V8B,V8B,British Columbia,11772
V8C,V8C,British Columbia,8131
V8G,V8G,British Columbia,19144
V8J,V8J,British Columbia,12275
V8K,V8K,British Columbia,10561
V8L,V8L,British Columbia,23422
V8M,V8M,British Columbia,16168
V8N,V8N,British Columbia,25065
V8P,V8P,British Columbia,18167
V8R,V8R,British Columbia,23572
V8S,V8S,British Columbia,17102
V8T,V8T,British Columbia,20136
V8V,V8V,British Columbia,25892
V8W,V8W,British Columbia,5201
V8X,V8X,British Columbia,23811
V8Y,V8Y,British Columbia,9830
V8Z,V8Z,British Columbia,31079
V9A,V9A,British Columbia,38699
V9B,V9B,British Columbia,44244
V9C,V9C,British Columbia,22785
V9E,V9E,British Columbia,5155
V9G,V9G,British Columbia,14772
V9H,V9H,British Columbia,9304
V9J,V9J,British Columbia,8715
V9K,V9K,British Columbia,15654
V9L,V9L,British Columbia,34378
V9M,V9M,British Columbia,17208
V9N,V9N,British Columbia,30080
V9P,V9P,British Columbia,25359
V9R,V9R,British Columbia,28376
V9S,V9S,British Columbia,16641
V9T,V9T,British Columbia,33103
V9V,V9V,British Columbia,10934
V9W,V9W,British Columbia,28743
V9X,V9X,British Columbia,10300
V9Y,V9Y,British Columbia,25269
V9Z,V9Z,British Columbia,17456
X0A,X0A,Nunavut/Northwest Territories,18958
X0B,X0B,Nunavut/Northwest Territories,6543
X0C,X0C,Nunavut/Northwest Territories,10443
X0E,X0E,Nunavut/Northwest Territories,21232
X0G,X0G,Nunavut/Northwest Territories,500
X1A,X1A,Nunavut/Northwest Territories,20054
Y0A,Y0A,Yukon,1641
Y0B,Y0B,Yukon,6561
Y1A,Y1A,Yukon,27672
,,,
Note:,,,
"Incompletely enumerated Indian reserves and Indian settlements, 2016",T = excludes census data for one or more incompletely enumerated Indian reserves or Indian settlements.,,
"For further information, refer to: http://www12.statcan.gc.ca/census-recensement/2016/dp-pd/hlt-fst/pd-pl/About.cfm.",,,
,,,
"Source: Statistics Canada, 2016 Census of Population.",,,
"How to cite: Statistics Canada. 2017. Population and dwelling counts, for Canada and forward sortation areas© as reported by the respondents, 2016 Census (table). Population and Dwelling Count Highlight Tables. 2016 Census.",,,
"Statistics Canada Catalogue no. 98-402-X2016001. Ottawa. Released February 8, 2017.",,,
"http://www12.statcan.gc.ca/census-recensement/2016/dp-pd/hlt-fst/pd-pl/Tables/File.cfm?T=1201&SR=1&RPP=9999&PR=0&CMA=0&CSD=0&S=22&O=A&Lang=Eng&OFT=CSV (accessed April 26, 2019)",,,
